﻿Body,Subject
"I was told to stay back to complete the task.  Now, I am told my overtime is denied.",Unfair!
Did you hear that he accumulated 20+ hours of OT this week and it got approved?  That overtime should have been denied.,Over 20 hrs OT!!!!
My overtime was denied.  I was told I had to complete this task even if I had to stay back and finish.,Why?
"We salaried employees are asked to work longer hours, but we do not get overtime pay.  I have not heard the favorite emplyee getting any of his overtime requests denied. ",New OT rules
I was just told I capped the overtime threshold for the week so any further overtime requests will be denied.,Overtime denied
Will you be requesting OT this week?  I heard lately they have been denying OT due to budget cuts.,OT
