﻿Body,Subject
Overtime discouraged to cut costs.,No more Overtime
"In order to reduce overtime, overtime requires prior approval or will not be paid out.",Reduce OT measures
Identify employees who frequently accumulate overtime without prior approval.  Identify reasons given for overtime.,Overtime abuse?
Review budget allocation for OT costs per department,Overtime Costs
"Review overtime request guidelines, including approval or denial specifications. ",Overtime Request
"Overtime is the last resort.  Howver, it may be necessary to complete projects.  In the effort to manage overtime, prior approval is required.",Overtime Policy
