﻿Body,Subject
Overtime request denied.  Let's meet to discuss how these task can be completed without overtime. ,OT request
Overtime request denied.  Remaining tasks will be divided and distributed equally among the team.,Overtime request
Overtime of 5 hours approved to meet project milestone.,OT this week?
"Please provide rationale for overtime next week so we can proceed with approval process.  Otherwise, request for overtime will be denied.",OT request follow-up
Review the overtime guidelines outlined below.  Take note that overtime needs prior approval.  Any requests without rationale will be denied.  Goal is to avoid or minimize overtime.  ,Overtime guidelines
Overtime is capped at no more than 10 hours per week per employee until further notice.  Excessive use of overtime per week ertime will be reviewed.  Misuse and abuse of overtime is not tolerated.,Overtime in excess
