﻿Body,Subject
"Need to stay back to complete project tasks to keep us on track.  Thus, requesting overtime.",OT Request
Requesting overtime to finish report needed for board meeting tomorrow morning.,Overtime request
"Just checking in to see the status of my overtime request.  If denied, I will need help to complete the remaining tasks.",Follow-up on overtime
My OT request was denied even though I feel I had a very good reason.  I already completed the hours because one fo the board memebers had asked me to. Is there any way I can get these hours paid out? ,OT
"I am concerned that the OT appoval process is not transparent.  Some people seem to have more luck getting their OT approved, while others do not.",OT process
"My last overtime request was approved, but my recent overtime request was not even though the rationale was justified like the previous one.  May I know why?",Overtime
