﻿SamAccountName,UserPrincipalName,WindowsEmailAddress
Mary.Banks,Mary.Banks@a360labs.com,Mary.Banks@a360labs.com
Grady.Fuller,Grady.Fuller@a360labs.com,Grady.Fuller@a360labs.com
Jeff.Wilder,Jeff.Wilder@a360labs.com,Jeff.Wilder@a360labs.com
Melba.Gilmore,Melba.Gilmore@a360labs.com,Melba.Gilmore@a360labs.com
Mathew.Mathews,Mathew.Mathews@a360labs.com,Mathew.Mathews@a360labs.com
Alice.Lidel,Alice.Lidel@a360labs.com,Alice.Lidel@a360labs.com
Brigitte.Hatfield,Brigitte.Hatfield@a360labs.com,Brigitte.Hatfield@a360labs.com
Dirk.Norris,Dirk.Norris@a360labs.com,Dirk.Norris@a360labs.com
Doctor.Donah,Doctor.Donah@a360labs.com,Doctor.Donah@a360labs.com
Eunice.Harrison,Eunice.Harrison@a360labs.com,Eunice.Harrison@a360labs.com
Hollis.Gates,Hollis.Gates@a360labs.com,Hollis.Gates@a360labs.com
Nannie.Pineda,Nannie.Pineda@a360labs.com,Nannie.Pineda@a360labs.com
Neville.Klein,Neville.Klein@a360labs.com,Neville.Klein@a360labs.com
Nosmo.King,Nosmo.King@a360labs.com,Nosmo.King@a360labs.com
Peter.Parker,Peter.Parker@a360labs.com,Peter.Parker@a360labs.com
Randell.Hunt,Randell.Hunt@a360labs.com,Randell.Hunt@a360labs.com
Robert.Nichols,Robert.Nichols@a360labs.com,Robert.Nichols@a360labs.com
Rudolf.Grass,Rudolf.Grass@a360labs.com,Rudolf.Grass@a360labs.com
Shana.Clark,Shana.Clark@a360labs.com,Shana.Clark@a360labs.com
Stephanie.Zang,Stephanie.Zang@a360labs.com,Stephanie.Zang@a360labs.com
Susanne.Vazquez,Susanne.Vazquez@a360labs.com,Susanne.Vazquez@a360labs.com
Travis.Chapman,Travis.Chapman@a360labs.com,Travis.Chapman@a360labs.com
Victor.Mantooth,Victor.Mantooth@a360labs.com,Victor.Mantooth@a360labs.com
Weston.Avery,Weston.Avery@a360labs.com,Weston.Avery@a360labs.com
Willy.Wonka,Willy.Wonka@a360labs.com,Willy.Wonka@a360labs.com
